{"data": [{"cases": 4041, "tests": null, "date": "2023-11-30"}, {"cases": 0, "tests": null, "date": "2023-11-29"}, {"cases": 0, "tests": null, "date": "2023-11-28"}, {"cases": 0, "tests": null, "date": "2023-11-27"}, {"cases": 0, "tests": null, "date": "2023-11-26"}, {"cases": 0, "tests": null, "date": "2023-11-25"}, {"cases": 0, "tests": null, "date": "2023-11-24"}, {"cases": 4417, "tests": null, "date": "2023-11-23"}, {"cases": 0, "tests": null, "date": "2023-11-22"}, {"cases": 0, "tests": null, "date": "2023-11-21"}, {"cases": 0, "tests": null, "date": "2023-11-20"}, {"cases": 0, "tests": null, "date": "2023-11-19"}, {"cases": 0, "tests": null, "date": "2023-11-18"}, {"cases": 0, "tests": null, "date": "2023-11-17"}, {"cases": 2691, "tests": null, "date": "2023-11-16"}, {"cases": 0, "tests": null, "date": "2023-11-15"}, {"cases": 0, "tests": null, "date": "2023-11-14"}, {"cases": 0, "tests": null, "date": "2023-11-13"}, {"cases": 0, "tests": null, "date": "2023-11-12"}, {"cases": 0, "tests": null, "date": "2023-11-11"}, {"cases": 0, "tests": null, "date": "2023-11-10"}, {"cases": 5336, "tests": null, "date": "2023-11-09"}, {"cases": 0, "tests": null, "date": "2023-11-08"}, {"cases": 0, "tests": null, "date": "2023-11-07"}, {"cases": 0, "tests": null, "date": "2023-11-06"}, {"cases": 0, "tests": null, "date": "2023-11-05"}, {"cases": 0, "tests": null, "date": "2023-11-04"}, {"cases": 0, "tests": null, "date": "2023-11-03"}, {"cases": 7594, "tests": null, "date": "2023-11-02"}, {"cases": 0, "tests": null, "date": "2023-11-01"}, {"cases": 0, "tests": null, "date": "2023-10-31"}, {"cases": 0, "tests": null, "date": "2023-10-30"}, {"cases": 0, "tests": null, "date": "2023-10-29"}, {"cases": 0, "tests": null, "date": "2023-10-28"}, {"cases": 0, "tests": null, "date": "2023-10-27"}, {"cases": 6694, "tests": null, "date": "2023-10-26"}, {"cases": 0, "tests": null, "date": "2023-10-25"}, {"cases": 0, "tests": null, "date": "2023-10-24"}, {"cases": 0, "tests": null, "date": "2023-10-23"}, {"cases": 0, "tests": null, "date": "2023-10-22"}, {"cases": 0, "tests": null, "date": "2023-10-21"}, {"cases": 0, "tests": null, "date": "2023-10-20"}, {"cases": 10043, "tests": null, "date": "2023-10-19"}, {"cases": 0, "tests": null, "date": "2023-10-18"}, {"cases": 0, "tests": null, "date": "2023-10-17"}, {"cases": 0, "tests": null, "date": "2023-10-16"}, {"cases": 0, "tests": null, "date": "2023-10-15"}, {"cases": 0, "tests": null, "date": "2023-10-14"}, {"cases": 0, "tests": null, "date": "2023-10-13"}, {"cases": 16855, "tests": null, "date": "2023-10-12"}, {"cases": 0, "tests": null, "date": "2023-10-11"}, {"cases": 0, "tests": null, "date": "2023-10-10"}, {"cases": 0, "tests": null, "date": "2023-10-09"}, {"cases": 0, "tests": null, "date": "2023-10-08"}, {"cases": 0, "tests": null, "date": "2023-10-07"}, {"cases": 0, "tests": null, "date": "2023-10-06"}, {"cases": 16545, "tests": null, "date": "2023-10-05"}, {"cases": 0, "tests": null, "date": "2023-10-04"}, {"cases": 0, "tests": null, "date": "2023-10-03"}, {"cases": 0, "tests": null, "date": "2023-10-02"}, {"cases": 0, "tests": null, "date": "2023-10-01"}, {"cases": 0, "tests": null, "date": "2023-09-30"}, {"cases": 0, "tests": null, "date": "2023-09-29"}, {"cases": 17893, "tests": null, "date": "2023-09-28"}, {"cases": 0, "tests": null, "date": "2023-09-27"}, {"cases": 0, "tests": null, "date": "2023-09-26"}, {"cases": 0, "tests": null, "date": "2023-09-25"}, {"cases": 0, "tests": null, "date": "2023-09-24"}, {"cases": 0, "tests": null, "date": "2023-09-23"}, {"cases": 0, "tests": null, "date": "2023-09-22"}, {"cases": 7255, "tests": null, "date": "2023-09-21"}, {"cases": 0, "tests": null, "date": "2023-09-20"}, {"cases": 0, "tests": null, "date": "2023-09-19"}, {"cases": 0, "tests": null, "date": "2023-09-18"}, {"cases": 0, "tests": null, "date": "2023-09-17"}, {"cases": 0, "tests": null, "date": "2023-09-16"}, {"cases": 0, "tests": null, "date": "2023-09-15"}, {"cases": 9884, "tests": null, "date": "2023-09-14"}, {"cases": 0, "tests": null, "date": "2023-09-13"}, {"cases": 0, "tests": null, "date": "2023-09-12"}, {"cases": 0, "tests": null, "date": "2023-09-11"}, {"cases": 0, "tests": null, "date": "2023-09-10"}, {"cases": 0, "tests": null, "date": "2023-09-09"}, {"cases": 0, "tests": null, "date": "2023-09-08"}, {"cases": 14080, "tests": null, "date": "2023-09-07"}, {"cases": 0, "tests": null, "date": "2023-09-06"}, {"cases": 0, "tests": null, "date": "2023-09-05"}, {"cases": 0, "tests": null, "date": "2023-09-04"}, {"cases": 0, "tests": null, "date": "2023-09-03"}, {"cases": 0, "tests": null, "date": "2023-09-02"}, {"cases": 0, "tests": null, "date": "2023-09-01"}, {"cases": 5875, "tests": null, "date": "2023-08-31"}, {"cases": 0, "tests": null, "date": "2023-08-30"}, {"cases": 0, "tests": null, "date": "2023-08-29"}, {"cases": 0, "tests": null, "date": "2023-08-28"}, {"cases": 0, "tests": null, "date": "2023-08-27"}, {"cases": 0, "tests": null, "date": "2023-08-26"}, {"cases": 0, "tests": null, "date": "2023-08-25"}, {"cases": 7605, "tests": null, "date": "2023-08-24"}, {"cases": 0, "tests": null, "date": "2023-08-23"}, {"cases": 0, "tests": null, "date": "2023-08-22"}, {"cases": 0, "tests": null, "date": "2023-08-21"}, {"cases": 0, "tests": null, "date": "2023-08-20"}, {"cases": 0, "tests": null, "date": "2023-08-19"}, {"cases": 0, "tests": null, "date": "2023-08-18"}, {"cases": 6606, "tests": null, "date": "2023-08-17"}, {"cases": 0, "tests": null, "date": "2023-08-16"}, {"cases": 0, "tests": null, "date": "2023-08-15"}, {"cases": 0, "tests": null, "date": "2023-08-14"}, {"cases": 0, "tests": null, "date": "2023-08-13"}, {"cases": 0, "tests": null, "date": "2023-08-12"}, {"cases": 0, "tests": null, "date": "2023-08-11"}, {"cases": 5772, "tests": null, "date": "2023-08-10"}, {"cases": 0, "tests": null, "date": "2023-08-09"}, {"cases": 0, "tests": null, "date": "2023-08-08"}, {"cases": 0, "tests": null, "date": "2023-08-07"}, {"cases": 0, "tests": null, "date": "2023-08-06"}, {"cases": 0, "tests": null, "date": "2023-08-05"}, {"cases": 0, "tests": null, "date": "2023-08-04"}, {"cases": 4815, "tests": null, "date": "2023-08-03"}, {"cases": 0, "tests": null, "date": "2023-08-02"}, {"cases": 0, "tests": null, "date": "2023-08-01"}, {"cases": 0, "tests": null, "date": "2023-07-31"}, {"cases": 0, "tests": null, "date": "2023-07-30"}, {"cases": 0, "tests": null, "date": "2023-07-29"}, {"cases": 0, "tests": null, "date": "2023-07-28"}, {"cases": 3439, "tests": null, "date": "2023-07-27"}, {"cases": 0, "tests": null, "date": "2023-07-26"}, {"cases": 0, "tests": null, "date": "2023-07-25"}, {"cases": 0, "tests": null, "date": "2023-07-24"}, {"cases": 0, "tests": null, "date": "2023-07-23"}, {"cases": 0, "tests": null, "date": "2023-07-22"}, {"cases": 0, "tests": null, "date": "2023-07-21"}, {"cases": 2416, "tests": null, "date": "2023-07-20"}, {"cases": 0, "tests": null, "date": "2023-07-19"}, {"cases": 0, "tests": null, "date": "2023-07-18"}, {"cases": 0, "tests": null, "date": "2023-07-17"}, {"cases": 0, "tests": null, "date": "2023-07-16"}, {"cases": 0, "tests": null, "date": "2023-07-15"}, {"cases": 0, "tests": null, "date": "2023-07-14"}, {"cases": 2980, "tests": null, "date": "2023-07-13"}, {"cases": 0, "tests": null, "date": "2023-07-12"}, {"cases": 0, "tests": null, "date": "2023-07-11"}, {"cases": 0, "tests": null, "date": "2023-07-10"}, {"cases": 0, "tests": null, "date": "2023-07-09"}, {"cases": 0, "tests": null, "date": "2023-07-08"}, {"cases": 0, "tests": null, "date": "2023-07-07"}, {"cases": 1942, "tests": null, "date": "2023-07-06"}, {"cases": 0, "tests": null, "date": "2023-07-05"}, {"cases": 0, "tests": null, "date": "2023-07-04"}, {"cases": 0, "tests": null, "date": "2023-07-03"}, {"cases": 0, "tests": null, "date": "2023-07-02"}, {"cases": 0, "tests": null, "date": "2023-07-01"}, {"cases": 0, "tests": null, "date": "2023-06-30"}, {"cases": 2191, "tests": null, "date": "2023-06-29"}, {"cases": 0, "tests": null, "date": "2023-06-28"}, {"cases": 0, "tests": null, "date": "2023-06-27"}, {"cases": 0, "tests": null, "date": "2023-06-26"}, {"cases": 0, "tests": null, "date": "2023-06-25"}, {"cases": 0, "tests": null, "date": "2023-06-24"}, {"cases": 0, "tests": null, "date": "2023-06-23"}, {"cases": 2368, "tests": null, "date": "2023-06-22"}, {"cases": 0, "tests": null, "date": "2023-06-21"}, {"cases": 0, "tests": null, "date": "2023-06-20"}, {"cases": 0, "tests": null, "date": "2023-06-19"}, {"cases": 0, "tests": null, "date": "2023-06-18"}, {"cases": 0, "tests": null, "date": "2023-06-17"}, {"cases": 0, "tests": null, "date": "2023-06-16"}, {"cases": 4215, "tests": null, "date": "2023-06-15"}, {"cases": 0, "tests": null, "date": "2023-06-14"}, {"cases": 0, "tests": null, "date": "2023-06-13"}, {"cases": 0, "tests": null, "date": "2023-06-12"}, {"cases": 0, "tests": null, "date": "2023-06-11"}, {"cases": 0, "tests": null, "date": "2023-06-10"}, {"cases": 0, "tests": null, "date": "2023-06-09"}, {"cases": 4728, "tests": null, "date": "2023-06-08"}, {"cases": 0, "tests": null, "date": "2023-06-07"}, {"cases": 0, "tests": null, "date": "2023-06-06"}, {"cases": 0, "tests": null, "date": "2023-06-05"}, {"cases": 0, "tests": null, "date": "2023-06-04"}, {"cases": 0, "tests": null, "date": "2023-06-03"}, {"cases": 0, "tests": null, "date": "2023-06-02"}, {"cases": 4941, "tests": null, "date": "2023-06-01"}, {"cases": 0, "tests": null, "date": "2023-05-31"}, {"cases": 0, "tests": null, "date": "2023-05-30"}, {"cases": 0, "tests": null, "date": "2023-05-29"}, {"cases": 0, "tests": null, "date": "2023-05-28"}, {"cases": 0, "tests": null, "date": "2023-05-27"}, {"cases": 0, "tests": null, "date": "2023-05-26"}, {"cases": 6748, "tests": null, "date": "2023-05-25"}, {"cases": 0, "tests": null, "date": "2023-05-24"}, {"cases": 0, "tests": null, "date": "2023-05-23"}, {"cases": 0, "tests": null, "date": "2023-05-22"}, {"cases": 0, "tests": null, "date": "2023-05-21"}, {"cases": 0, "tests": null, "date": "2023-05-20"}, {"cases": 0, "tests": null, "date": "2023-05-19"}, {"cases": 7258, "tests": null, "date": "2023-05-18"}, {"cases": 0, "tests": null, "date": "2023-05-17"}, {"cases": 0, "tests": null, "date": "2023-05-16"}, {"cases": 0, "tests": null, "date": "2023-05-15"}, {"cases": 0, "tests": null, "date": "2023-05-14"}, {"cases": 0, "tests": null, "date": "2023-05-13"}, {"cases": 0, "tests": null, "date": "2023-05-12"}, {"cases": 9014, "tests": null, "date": "2023-05-11"}, {"cases": 0, "tests": null, "date": "2023-05-10"}, {"cases": 0, "tests": null, "date": "2023-05-09"}, {"cases": 0, "tests": null, "date": "2023-05-08"}, {"cases": 0, "tests": null, "date": "2023-05-07"}, {"cases": 0, "tests": null, "date": "2023-05-06"}, {"cases": 0, "tests": null, "date": "2023-05-05"}, {"cases": 10352, "tests": null, "date": "2023-05-04"}, {"cases": 0, "tests": null, "date": "2023-05-03"}, {"cases": 0, "tests": null, "date": "2023-05-02"}, {"cases": 0, "tests": null, "date": "2023-05-01"}, {"cases": 0, "tests": null, "date": "2023-04-30"}, {"cases": 0, "tests": null, "date": "2023-04-29"}, {"cases": 0, "tests": null, "date": "2023-04-28"}, {"cases": 10486, "tests": null, "date": "2023-04-27"}, {"cases": 0, "tests": null, "date": "2023-04-26"}, {"cases": 0, "tests": null, "date": "2023-04-25"}, {"cases": 0, "tests": null, "date": "2023-04-24"}, {"cases": 0, "tests": null, "date": "2023-04-23"}, {"cases": 0, "tests": null, "date": "2023-04-22"}, {"cases": 0, "tests": null, "date": "2023-04-21"}, {"cases": 12500, "tests": null, "date": "2023-04-20"}, {"cases": 0, "tests": null, "date": "2023-04-19"}, {"cases": 0, "tests": null, "date": "2023-04-18"}, {"cases": 0, "tests": null, "date": "2023-04-17"}, {"cases": 0, "tests": null, "date": "2023-04-16"}, {"cases": 0, "tests": null, "date": "2023-04-15"}, {"cases": 0, "tests": null, "date": "2023-04-14"}, {"cases": 14294, "tests": null, "date": "2023-04-13"}, {"cases": 0, "tests": null, "date": "2023-04-12"}, {"cases": 0, "tests": null, "date": "2023-04-11"}, {"cases": 0, "tests": null, "date": "2023-04-10"}, {"cases": 0, "tests": null, "date": "2023-04-09"}, {"cases": 0, "tests": null, "date": "2023-04-08"}, {"cases": 0, "tests": null, "date": "2023-04-07"}, {"cases": 18021, "tests": null, "date": "2023-04-06"}, {"cases": 0, "tests": null, "date": "2023-04-05"}, {"cases": 0, "tests": null, "date": "2023-04-04"}, {"cases": 0, "tests": null, "date": "2023-04-03"}, {"cases": 0, "tests": null, "date": "2023-04-02"}, {"cases": 0, "tests": null, "date": "2023-04-01"}, {"cases": 0, "tests": null, "date": "2023-03-31"}, {"cases": 25110, "tests": null, "date": "2023-03-30"}, {"cases": 0, "tests": null, "date": "2023-03-29"}, {"cases": 0, "tests": null, "date": "2023-03-28"}, {"cases": 0, "tests": null, "date": "2023-03-27"}, {"cases": 0, "tests": null, "date": "2023-03-26"}, {"cases": 0, "tests": null, "date": "2023-03-25"}, {"cases": 0, "tests": null, "date": "2023-03-24"}, {"cases": 34062, "tests": null, "date": "2023-03-23"}, {"cases": 0, "tests": null, "date": "2023-03-22"}, {"cases": 0, "tests": null, "date": "2023-03-21"}, {"cases": 0, "tests": null, "date": "2023-03-20"}, {"cases": 0, "tests": null, "date": "2023-03-19"}, {"cases": 0, "tests": null, "date": "2023-03-18"}, {"cases": 0, "tests": null, "date": "2023-03-17"}, {"cases": 24679, "tests": null, "date": "2023-03-16"}, {"cases": 0, "tests": null, "date": "2023-03-15"}, {"cases": 0, "tests": null, "date": "2023-03-14"}, {"cases": 0, "tests": null, "date": "2023-03-13"}, {"cases": 0, "tests": null, "date": "2023-03-12"}, {"cases": 0, "tests": null, "date": "2023-03-11"}, {"cases": 0, "tests": null, "date": "2023-03-10"}, {"cases": 26329, "tests": null, "date": "2023-03-09"}, {"cases": 0, "tests": null, "date": "2023-03-08"}, {"cases": 0, "tests": null, "date": "2023-03-07"}, {"cases": 0, "tests": null, "date": "2023-03-06"}, {"cases": 0, "tests": null, "date": "2023-03-05"}, {"cases": 0, "tests": null, "date": "2023-03-04"}, {"cases": 0, "tests": null, "date": "2023-03-03"}, {"cases": 24269, "tests": null, "date": "2023-03-02"}, {"cases": 0, "tests": null, "date": "2023-03-01"}, {"cases": 0, "tests": null, "date": "2023-02-28"}, {"cases": 0, "tests": null, "date": "2023-02-27"}, {"cases": 0, "tests": null, "date": "2023-02-26"}, {"cases": 0, "tests": null, "date": "2023-02-25"}, {"cases": 0, "tests": null, "date": "2023-02-24"}, {"cases": 26460, "tests": null, "date": "2023-02-23"}, {"cases": 0, "tests": null, "date": "2023-02-22"}, {"cases": 0, "tests": null, "date": "2023-02-21"}, {"cases": 0, "tests": null, "date": "2023-02-20"}, {"cases": 0, "tests": null, "date": "2023-02-19"}, {"cases": 0, "tests": null, "date": "2023-02-18"}, {"cases": 0, "tests": null, "date": "2023-02-17"}, {"cases": 23686, "tests": null, "date": "2023-02-16"}, {"cases": 0, "tests": null, "date": "2023-02-15"}, {"cases": 0, "tests": null, "date": "2023-02-14"}, {"cases": 0, "tests": null, "date": "2023-02-13"}, {"cases": 0, "tests": null, "date": "2023-02-12"}, {"cases": 0, "tests": null, "date": "2023-02-11"}, {"cases": 0, "tests": null, "date": "2023-02-10"}, {"cases": 20570, "tests": null, "date": "2023-02-09"}, {"cases": 0, "tests": null, "date": "2023-02-08"}, {"cases": 0, "tests": null, "date": "2023-02-07"}, {"cases": 0, "tests": null, "date": "2023-02-06"}, {"cases": 0, "tests": null, "date": "2023-02-05"}, {"cases": 0, "tests": null, "date": "2023-02-04"}, {"cases": 0, "tests": null, "date": "2023-02-03"}, {"cases": 17889, "tests": null, "date": "2023-02-02"}, {"cases": 0, "tests": null, "date": "2023-02-01"}, {"cases": 0, "tests": null, "date": "2023-01-31"}, {"cases": 0, "tests": null, "date": "2023-01-30"}, {"cases": 0, "tests": null, "date": "2023-01-29"}, {"cases": 0, "tests": null, "date": "2023-01-28"}, {"cases": 0, "tests": null, "date": "2023-01-27"}, {"cases": 13714, "tests": null, "date": "2023-01-26"}, {"cases": 0, "tests": null, "date": "2023-01-25"}, {"cases": 0, "tests": null, "date": "2023-01-24"}, {"cases": 0, "tests": null, "date": "2023-01-23"}, {"cases": 0, "tests": null, "date": "2023-01-22"}, {"cases": 0, "tests": null, "date": "2023-01-21"}, {"cases": 0, "tests": null, "date": "2023-01-20"}, {"cases": 13990, "tests": null, "date": "2023-01-19"}, {"cases": 0, "tests": null, "date": "2023-01-18"}, {"cases": 0, "tests": null, "date": "2023-01-17"}, {"cases": 0, "tests": null, "date": "2023-01-16"}, {"cases": 0, "tests": null, "date": "2023-01-15"}, {"cases": 0, "tests": null, "date": "2023-01-14"}, {"cases": 0, "tests": null, "date": "2023-01-13"}, {"cases": 23990, "tests": null, "date": "2023-01-12"}, {"cases": 0, "tests": null, "date": "2023-01-11"}, {"cases": 0, "tests": null, "date": "2023-01-10"}, {"cases": 0, "tests": null, "date": "2023-01-09"}, {"cases": 0, "tests": null, "date": "2023-01-08"}, {"cases": 0, "tests": null, "date": "2023-01-07"}, {"cases": 0, "tests": null, "date": "2023-01-06"}, {"cases": 36598, "tests": null, "date": "2023-01-05"}, {"cases": 0, "tests": null, "date": "2023-01-04"}, {"cases": 0, "tests": null, "date": "2023-01-03"}, {"cases": 0, "tests": null, "date": "2023-01-02"}, {"cases": 0, "tests": null, "date": "2023-01-01"}, {"cases": 0, "tests": null, "date": "2022-12-31"}, {"cases": 0, "tests": null, "date": "2022-12-30"}, {"cases": 36755, "tests": null, "date": "2022-12-29"}, {"cases": 0, "tests": null, "date": "2022-12-28"}, {"cases": 0, "tests": null, "date": "2022-12-27"}, {"cases": 0, "tests": null, "date": "2022-12-26"}, {"cases": 0, "tests": null, "date": "2022-12-25"}, {"cases": 0, "tests": null, "date": "2022-12-24"}, {"cases": 0, "tests": null, "date": "2022-12-23"}, {"cases": 42141, "tests": null, "date": "2022-12-22"}, {"cases": 0, "tests": null, "date": "2022-12-21"}, {"cases": 0, "tests": 67173, "date": "2022-12-20"}, {"cases": 0, "tests": 76271, "date": "2022-12-19"}, {"cases": 0, "tests": 42007, "date": "2022-12-18"}, {"cases": 0, "tests": 38749, "date": "2022-12-17"}, {"cases": 0, "tests": 54848, "date": "2022-12-16"}, {"cases": 32405, "tests": 57162, "date": "2022-12-15"}, {"cases": 0, "tests": 60543, "date": "2022-12-14"}, {"cases": 0, "tests": 57761, "date": "2022-12-13"}, {"cases": 0, "tests": 60167, "date": "2022-12-12"}, {"cases": 0, "tests": 35390, "date": "2022-12-11"}, {"cases": 0, "tests": 32218, "date": "2022-12-10"}, {"cases": 0, "tests": 47160, "date": "2022-12-09"}, {"cases": 26410, "tests": 48246, "date": "2022-12-08"}, {"cases": 0, "tests": 51121, "date": "2022-12-07"}, {"cases": 0, "tests": 69649, "date": "2022-12-06"}, {"cases": 0, "tests": 53455, "date": "2022-12-05"}, {"cases": 0, "tests": 31849, "date": "2022-12-04"}, {"cases": 0, "tests": 28820, "date": "2022-12-03"}, {"cases": 0, "tests": 42325, "date": "2022-12-02"}, {"cases": 22375, "tests": 42493, "date": "2022-12-01"}, {"cases": 0, "tests": 44307, "date": "2022-11-30"}, {"cases": 0, "tests": 48079, "date": "2022-11-29"}, {"cases": 0, "tests": 53385, "date": "2022-11-28"}, {"cases": 0, "tests": 31330, "date": "2022-11-27"}, {"cases": 0, "tests": 27393, "date": "2022-11-26"}, {"cases": 0, "tests": 39853, "date": "2022-11-25"}, {"cases": 20261, "tests": 43712, "date": "2022-11-24"}, {"cases": 0, "tests": 44693, "date": "2022-11-23"}, {"cases": 0, "tests": 48703, "date": "2022-11-22"}, {"cases": 0, "tests": 50162, "date": "2022-11-21"}, {"cases": 0, "tests": 30956, "date": "2022-11-20"}, {"cases": 0, "tests": 27935, "date": "2022-11-19"}, {"cases": 0, "tests": 40089, "date": "2022-11-18"}, {"cases": 20866, "tests": 44782, "date": "2022-11-17"}, {"cases": 0, "tests": 46208, "date": "2022-11-16"}, {"cases": 0, "tests": 49729, "date": "2022-11-15"}, {"cases": 0, "tests": 56127, "date": "2022-11-14"}, {"cases": 0, "tests": 33868, "date": "2022-11-13"}, {"cases": 0, "tests": 30852, "date": "2022-11-12"}, {"cases": 0, "tests": 45861, "date": "2022-11-11"}, {"cases": 21391, "tests": 47716, "date": "2022-11-10"}, {"cases": 0, "tests": 48105, "date": "2022-11-09"}, {"cases": 0, "tests": 53635, "date": "2022-11-08"}, {"cases": 0, "tests": 58322, "date": "2022-11-07"}, {"cases": 0, "tests": 35762, "date": "2022-11-06"}, {"cases": 0, "tests": 33745, "date": "2022-11-05"}, {"cases": 0, "tests": 48223, "date": "2022-11-04"}, {"cases": 28209, "tests": 53541, "date": "2022-11-03"}, {"cases": 0, "tests": 52467, "date": "2022-11-02"}, {"cases": 0, "tests": 58739, "date": "2022-11-01"}, {"cases": 0, "tests": 68183, "date": "2022-10-31"}, {"cases": 0, "tests": 40456, "date": "2022-10-30"}, {"cases": 0, "tests": 37954, "date": "2022-10-29"}, {"cases": 0, "tests": 55317, "date": "2022-10-28"}, {"cases": 39178, "tests": 57749, "date": "2022-10-27"}, {"cases": 0, "tests": 62504, "date": "2022-10-26"}, {"cases": 0, "tests": 68261, "date": "2022-10-25"}, {"cases": 0, "tests": 78235, "date": "2022-10-24"}, {"cases": 0, "tests": 46646, "date": "2022-10-23"}, {"cases": 0, "tests": 44168, "date": "2022-10-22"}, {"cases": 0, "tests": 65707, "date": "2022-10-21"}, {"cases": 52672, "tests": 69319, "date": "2022-10-20"}, {"cases": 0, "tests": 75032, "date": "2022-10-19"}, {"cases": 0, "tests": 79168, "date": "2022-10-18"}, {"cases": 0, "tests": 92642, "date": "2022-10-17"}, {"cases": 0, "tests": 56303, "date": "2022-10-16"}, {"cases": 0, "tests": 51420, "date": "2022-10-15"}, {"cases": 0, "tests": 75056, "date": "2022-10-14"}, {"cases": 59101, "tests": 75905, "date": "2022-10-13"}, {"cases": 0, "tests": 78161, "date": "2022-10-12"}, {"cases": 0, "tests": 83805, "date": "2022-10-11"}, {"cases": 0, "tests": 94502, "date": "2022-10-10"}, {"cases": 0, "tests": 57825, "date": "2022-10-09"}, {"cases": 0, "tests": 53923, "date": "2022-10-08"}, {"cases": 0, "tests": 75644, "date": "2022-10-07"}, {"cases": 58832, "tests": 75387, "date": "2022-10-06"}, {"cases": 0, "tests": 78891, "date": "2022-10-05"}, {"cases": 0, "tests": 83648, "date": "2022-10-04"}, {"cases": 0, "tests": 86682, "date": "2022-10-03"}, {"cases": 0, "tests": 56110, "date": "2022-10-02"}, {"cases": 0, "tests": 49693, "date": "2022-10-01"}, {"cases": 0, "tests": 68847, "date": "2022-09-30"}, {"cases": 46853, "tests": 67121, "date": "2022-09-29"}, {"cases": 0, "tests": 71318, "date": "2022-09-28"}, {"cases": 0, "tests": 72409, "date": "2022-09-27"}, {"cases": 0, "tests": 79660, "date": "2022-09-26"}, {"cases": 0, "tests": 52254, "date": "2022-09-25"}, {"cases": 0, "tests": 45272, "date": "2022-09-24"}, {"cases": 0, "tests": 63503, "date": "2022-09-23"}, {"cases": 33497, "tests": 63566, "date": "2022-09-22"}, {"cases": 0, "tests": 65392, "date": "2022-09-21"}, {"cases": 0, "tests": 75354, "date": "2022-09-20"}, {"cases": 0, "tests": 54065, "date": "2022-09-19"}, {"cases": 0, "tests": 41931, "date": "2022-09-18"}, {"cases": 0, "tests": 42061, "date": "2022-09-17"}, {"cases": 0, "tests": 56117, "date": "2022-09-16"}, {"cases": 27055, "tests": 58732, "date": "2022-09-15"}, {"cases": 0, "tests": 64229, "date": "2022-09-14"}, {"cases": 0, "tests": 66517, "date": "2022-09-13"}, {"cases": 0, "tests": 78862, "date": "2022-09-12"}, {"cases": 0, "tests": 50009, "date": "2022-09-11"}, {"cases": 0, "tests": 46771, "date": "2022-09-10"}, {"cases": 0, "tests": 63298, "date": "2022-09-09"}, {"cases": 28258, "tests": 69591, "date": "2022-09-08"}, {"cases": 0, "tests": 74479, "date": "2022-09-07"}, {"cases": 0, "tests": 77601, "date": "2022-09-06"}, {"cases": 0, "tests": 99560, "date": "2022-09-05"}, {"cases": 0, "tests": 62702, "date": "2022-09-04"}, {"cases": 0, "tests": 55759, "date": "2022-09-03"}, {"cases": 0, "tests": 80659, "date": "2022-09-02"}, {"cases": 0, "tests": 94459, "date": "2022-09-01"}, {"cases": 24908, "tests": 103890, "date": "2022-08-31"}, {"cases": 0, "tests": 135648, "date": "2022-08-30"}, {"cases": 0, "tests": 118605, "date": "2022-08-29"}, {"cases": 0, "tests": 71576, "date": "2022-08-28"}, {"cases": 0, "tests": 73130, "date": "2022-08-27"}, {"cases": 0, "tests": 110467, "date": "2022-08-26"}, {"cases": 0, "tests": 136883, "date": "2022-08-25"}, {"cases": 27732, "tests": 126937, "date": "2022-08-24"}, {"cases": 0, "tests": 138444, "date": "2022-08-23"}, {"cases": 0, "tests": 185837, "date": "2022-08-22"}, {"cases": 0, "tests": 94677, "date": "2022-08-21"}, {"cases": 0, "tests": 85243, "date": "2022-08-20"}, {"cases": 0, "tests": 127843, "date": "2022-08-19"}, {"cases": 0, "tests": 148039, "date": "2022-08-18"}, {"cases": 35168, "tests": 134972, "date": "2022-08-17"}, {"cases": 0, "tests": 147401, "date": "2022-08-16"}, {"cases": 0, "tests": 195603, "date": "2022-08-15"}, {"cases": 0, "tests": 99044, "date": "2022-08-14"}, {"cases": 0, "tests": 87861, "date": "2022-08-13"}, {"cases": 0, "tests": 135836, "date": "2022-08-12"}, {"cases": 0, "tests": 155328, "date": "2022-08-11"}, {"cases": 46284, "tests": 142657, "date": "2022-08-10"}, {"cases": 0, "tests": 155074, "date": "2022-08-09"}, {"cases": 0, "tests": 207678, "date": "2022-08-08"}, {"cases": 0, "tests": 106813, "date": "2022-08-07"}, {"cases": 0, "tests": 97772, "date": "2022-08-06"}, {"cases": 0, "tests": 148910, "date": "2022-08-05"}, {"cases": 0, "tests": 166445, "date": "2022-08-04"}, {"cases": 57277, "tests": 155020, "date": "2022-08-03"}, {"cases": 0, "tests": 166426, "date": "2022-08-02"}, {"cases": 0, "tests": 220337, "date": "2022-08-01"}, {"cases": 0, "tests": 117686, "date": "2022-07-31"}, {"cases": 0, "tests": 107682, "date": "2022-07-30"}, {"cases": 0, "tests": 162066, "date": "2022-07-29"}, {"cases": 0, "tests": 186205, "date": "2022-07-28"}, {"cases": 81951, "tests": 172652, "date": "2022-07-27"}, {"cases": 0, "tests": 190165, "date": "2022-07-26"}, {"cases": 0, "tests": 243116, "date": "2022-07-25"}, {"cases": 0, "tests": 134167, "date": "2022-07-24"}, {"cases": 0, "tests": 124329, "date": "2022-07-23"}, {"cases": 0, "tests": 188484, "date": "2022-07-22"}, {"cases": 0, "tests": 208514, "date": "2022-07-21"}, {"cases": 123568, "tests": 196200, "date": "2022-07-20"}, {"cases": 0, "tests": 197119, "date": "2022-07-19"}, {"cases": 0, "tests": 258079, "date": "2022-07-18"}, {"cases": 0, "tests": 142009, "date": "2022-07-17"}, {"cases": 0, "tests": 135553, "date": "2022-07-16"}, {"cases": 0, "tests": 206302, "date": "2022-07-15"}, {"cases": 0, "tests": 237508, "date": "2022-07-14"}, {"cases": 171877, "tests": 221364, "date": "2022-07-13"}, {"cases": 0, "tests": 238826, "date": "2022-07-12"}, {"cases": 0, "tests": 293213, "date": "2022-07-11"}, {"cases": 0, "tests": 161537, "date": "2022-07-10"}, {"cases": 0, "tests": 146377, "date": "2022-07-09"}, {"cases": 0, "tests": 214117, "date": "2022-07-08"}, {"cases": 0, "tests": 230451, "date": "2022-07-07"}, {"cases": 120170, "tests": 228418, "date": "2022-07-06"}, {"cases": 0, "tests": 239196, "date": "2022-07-05"}, {"cases": 0, "tests": 295406, "date": "2022-07-04"}, {"cases": 0, "tests": 163962, "date": "2022-07-03"}, {"cases": 0, "tests": 147758, "date": "2022-07-02"}, {"cases": 20731, "tests": 204768, "date": "2022-07-01"}, {"cases": 21732, "tests": 210656, "date": "2022-06-30"}, {"cases": 21428, "tests": 200440, "date": "2022-06-29"}, {"cases": 21415, "tests": 204112, "date": "2022-06-28"}, {"cases": 47332, "tests": 240032, "date": "2022-06-27"}, {"cases": 0, "tests": 139579, "date": "2022-06-26"}, {"cases": 0, "tests": 139092, "date": "2022-06-25"}, {"cases": 16489, "tests": 181374, "date": "2022-06-24"}, {"cases": 17481, "tests": 194812, "date": "2022-06-23"}, {"cases": 17202, "tests": 170165, "date": "2022-06-22"}, {"cases": 16432, "tests": 188014, "date": "2022-06-21"}, {"cases": 36452, "tests": 225248, "date": "2022-06-20"}, {"cases": 0, "tests": 131947, "date": "2022-06-19"}, {"cases": 0, "tests": 126887, "date": "2022-06-18"}, {"cases": 12065, "tests": 166237, "date": "2022-06-17"}, {"cases": 12080, "tests": 179350, "date": "2022-06-16"}, {"cases": 13401, "tests": 164918, "date": "2022-06-15"}, {"cases": 12031, "tests": 173646, "date": "2022-06-14"}, {"cases": 28249, "tests": 220545, "date": "2022-06-13"}, {"cases": 0, "tests": 120484, "date": "2022-06-12"}, {"cases": 0, "tests": 119127, "date": "2022-06-11"}, {"cases": 9217, "tests": 165534, "date": "2022-06-10"}, {"cases": 9741, "tests": 184453, "date": "2022-06-09"}, {"cases": 9298, "tests": 172247, "date": "2022-06-08"}, {"cases": 10240, "tests": 179034, "date": "2022-06-07"}, {"cases": 29155, "tests": 218949, "date": "2022-06-06"}, {"cases": 0, "tests": 120973, "date": "2022-06-05"}, {"cases": 0, "tests": 112867, "date": "2022-06-04"}, {"cases": 0, "tests": 127950, "date": "2022-06-03"}, {"cases": 0, "tests": 139836, "date": "2022-06-02"}, {"cases": 5313, "tests": 158801, "date": "2022-06-01"}, {"cases": 5802, "tests": 160348, "date": "2022-05-31"}, {"cases": 13590, "tests": 201550, "date": "2022-05-30"}, {"cases": 0, "tests": 119187, "date": "2022-05-29"}, {"cases": 0, "tests": 118701, "date": "2022-05-28"}, {"cases": 4661, "tests": 168571, "date": "2022-05-27"}, {"cases": 5293, "tests": 196453, "date": "2022-05-26"}, {"cases": 5810, "tests": 180940, "date": "2022-05-25"}, {"cases": 6352, "tests": 189916, "date": "2022-05-24"}, {"cases": 14592, "tests": 241472, "date": "2022-05-23"}, {"cases": 0, "tests": 135141, "date": "2022-05-22"}, {"cases": 0, "tests": 132259, "date": "2022-05-21"}, {"cases": 6003, "tests": 185674, "date": "2022-05-20"}, {"cases": 6704, "tests": 198218, "date": "2022-05-19"}, {"cases": 7388, "tests": 195424, "date": "2022-05-18"}, {"cases": 8102, "tests": 202760, "date": "2022-05-17"}, {"cases": 16903, "tests": 264586, "date": "2022-05-16"}, {"cases": 0, "tests": 150158, "date": "2022-05-15"}, {"cases": 0, "tests": 147554, "date": "2022-05-14"}, {"cases": 6511, "tests": 209110, "date": "2022-05-13"}, {"cases": 10874, "tests": 230054, "date": "2022-05-12"}, {"cases": 8036, "tests": 217713, "date": "2022-05-11"}, {"cases": 9751, "tests": 229964, "date": "2022-05-10"}, {"cases": 21712, "tests": 281947, "date": "2022-05-09"}, {"cases": 0, "tests": 168517, "date": "2022-05-08"}, {"cases": 0, "tests": 170031, "date": "2022-05-07"}, {"cases": 9405, "tests": 237027, "date": "2022-05-06"}, {"cases": 10311, "tests": 255041, "date": "2022-05-05"}, {"cases": 14596, "tests": 254203, "date": "2022-05-04"}, {"cases": 29029, "tests": 283026, "date": "2022-05-03"}, {"cases": 0, "tests": 229719, "date": "2022-05-02"}, {"cases": 0, "tests": 177509, "date": "2022-05-01"}, {"cases": 0, "tests": 184227, "date": "2022-04-30"}, {"cases": 9705, "tests": 253151, "date": "2022-04-29"}, {"cases": 10945, "tests": 284456, "date": "2022-04-28"}, {"cases": 13481, "tests": 279666, "date": "2022-04-27"}, {"cases": 13045, "tests": 297092, "date": "2022-04-26"}, {"cases": 35925, "tests": 344784, "date": "2022-04-25"}, {"cases": 0, "tests": 218506, "date": "2022-04-24"}, {"cases": 0, "tests": 227153, "date": "2022-04-23"}, {"cases": 15832, "tests": 296087, "date": "2022-04-22"}, {"cases": 18475, "tests": 321954, "date": "2022-04-21"}, {"cases": 20767, "tests": 321115, "date": "2022-04-20"}, {"cases": 93281, "tests": 356504, "date": "2022-04-19"}, {"cases": 0, "tests": 284892, "date": "2022-04-18"}, {"cases": 0, "tests": 242770, "date": "2022-04-17"}, {"cases": 0, "tests": 239352, "date": "2022-04-16"}, {"cases": 0, "tests": 279297, "date": "2022-04-15"}, {"cases": 27283, "tests": 365342, "date": "2022-04-14"}, {"cases": 29335, "tests": 371300, "date": "2022-04-13"}, {"cases": 31230, "tests": 376921, "date": "2022-04-12"}, {"cases": 75194, "tests": 429224, "date": "2022-04-11"}, {"cases": 0, "tests": 298159, "date": "2022-04-10"}, {"cases": 0, "tests": 322258, "date": "2022-04-09"}, {"cases": 33782, "tests": 411281, "date": "2022-04-08"}, {"cases": 38678, "tests": 443735, "date": "2022-04-07"}, {"cases": 42392, "tests": 482915, "date": "2022-04-06"}, {"cases": 41436, "tests": 495269, "date": "2022-04-05"}, {"cases": 122027, "tests": 524439, "date": "2022-04-04"}, {"cases": 0, "tests": 423397, "date": "2022-04-03"}, {"cases": 0, "tests": 407938, "date": "2022-04-02"}, {"cases": 60220, "tests": 552213, "date": "2022-04-01"}, {"cases": 62816, "tests": 593496, "date": "2022-03-31"}, {"cases": 74419, "tests": 657845, "date": "2022-03-30"}, {"cases": 64935, "tests": 663103, "date": "2022-03-29"}, {"cases": 183459, "tests": 657652, "date": "2022-03-28"}, {"cases": 0, "tests": 559123, "date": "2022-03-27"}, {"cases": 0, "tests": 529587, "date": "2022-03-26"}, {"cases": 63371, "tests": 651434, "date": "2022-03-25"}, {"cases": 79373, "tests": 677119, "date": "2022-03-24"}, {"cases": 85916, "tests": 733008, "date": "2022-03-23"}, {"cases": 74804, "tests": 735449, "date": "2022-03-22"}, {"cases": 188925, "tests": 725497, "date": "2022-03-21"}, {"cases": 0, "tests": 561552, "date": "2022-03-20"}, {"cases": 0, "tests": 562779, "date": "2022-03-19"}, {"cases": 68492, "tests": 675438, "date": "2022-03-18"}, {"cases": 75681, "tests": 693145, "date": "2022-03-17"}, {"cases": 76366, "tests": 750507, "date": "2022-03-16"}, {"cases": 64313, "tests": 714026, "date": "2022-03-15"}, {"cases": 163954, "tests": 698524, "date": "2022-03-14"}, {"cases": 0, "tests": 552985, "date": "2022-03-13"}, {"cases": 0, "tests": 529052, "date": "2022-03-12"}, {"cases": 55883, "tests": 639674, "date": "2022-03-11"}, {"cases": 52722, "tests": 659380, "date": "2022-03-10"}, {"cases": 51378, "tests": 672893, "date": "2022-03-09"}, {"cases": 44918, "tests": 647602, "date": "2022-03-08"}, {"cases": 95324, "tests": 649011, "date": "2022-03-07"}, {"cases": 0, "tests": 489370, "date": "2022-03-06"}, {"cases": 0, "tests": 469950, "date": "2022-03-05"}, {"cases": 31776, "tests": 574707, "date": "2022-03-04"}, {"cases": 32858, "tests": 598353, "date": "2022-03-03"}, {"cases": 32077, "tests": 631871, "date": "2022-03-02"}, {"cases": 26711, "tests": 590706, "date": "2022-03-01"}, {"cases": 60595, "tests": 633463, "date": "2022-02-28"}, {"cases": 0, "tests": 487816, "date": "2022-02-27"}, {"cases": 0, "tests": 452231, "date": "2022-02-26"}, {"cases": 23526, "tests": 567616, "date": "2022-02-25"}, {"cases": 28193, "tests": 626338, "date": "2022-02-24"}, {"cases": 29703, "tests": 684063, "date": "2022-02-23"}, {"cases": 30080, "tests": 672486, "date": "2022-02-22"}, {"cases": 29753, "tests": 754209, "date": "2022-02-21"}, {"cases": 23831, "tests": 666583, "date": "2022-02-20"}, {"cases": 32230, "tests": 537359, "date": "2022-02-19"}, {"cases": 36900, "tests": 639009, "date": "2022-02-18"}, {"cases": 40376, "tests": 820516, "date": "2022-02-17"}, {"cases": 42756, "tests": 893690, "date": "2022-02-16"}, {"cases": 36471, "tests": 816640, "date": "2022-02-15"}, {"cases": 31943, "tests": 835200, "date": "2022-02-14"}, {"cases": 32316, "tests": 718352, "date": "2022-02-13"}, {"cases": 37791, "tests": 673824, "date": "2022-02-12"}, {"cases": 46736, "tests": 850525, "date": "2022-02-11"}, {"cases": 53993, "tests": 964231, "date": "2022-02-10"}, {"cases": 59193, "tests": 1090166, "date": "2022-02-09"}, {"cases": 58453, "tests": 997516, "date": "2022-02-08"}, {"cases": 48601, "tests": 1064633, "date": "2022-02-07"}, {"cases": 49533, "tests": 934524, "date": "2022-02-06"}, {"cases": 57377, "tests": 795416, "date": "2022-02-05"}, {"cases": 73185, "tests": 986608, "date": "2022-02-04"}, {"cases": 77189, "tests": 1131157, "date": "2022-02-03"}, {"cases": 81446, "tests": 1244142, "date": "2022-02-02"}, {"cases": 103353, "tests": 1098765, "date": "2022-02-01"}, {"cases": 81720, "tests": 1181454, "date": "2022-01-31"}, {"cases": 59559, "tests": 1045984, "date": "2022-01-30"}, {"cases": 69137, "tests": 875045, "date": "2022-01-29"}, {"cases": 78711, "tests": 1077357, "date": "2022-01-28"}, {"cases": 85288, "tests": 1197577, "date": "2022-01-27"}, {"cases": 90587, "tests": 1347791, "date": "2022-01-26"}, {"cases": 84302, "tests": 1186439, "date": "2022-01-25"}, {"cases": 77232, "tests": 1263150, "date": "2022-01-24"}, {"cases": 68913, "tests": 1143663, "date": "2022-01-23"}, {"cases": 73331, "tests": 967939, "date": "2022-01-22"}, {"cases": 85902, "tests": 1135856, "date": "2022-01-21"}, {"cases": 95974, "tests": 1272365, "date": "2022-01-20"}, {"cases": 96545, "tests": 1431006, "date": "2022-01-19"}, {"cases": 84987, "tests": 1215451, "date": "2022-01-18"}, {"cases": 74249, "tests": 1289060, "date": "2022-01-17"}, {"cases": 66273, "tests": 1178614, "date": "2022-01-16"}, {"cases": 74576, "tests": 997675, "date": "2022-01-15"}, {"cases": 87857, "tests": 1153926, "date": "2022-01-14"}, {"cases": 97770, "tests": 1301671, "date": "2022-01-13"}, {"cases": 116173, "tests": 1461166, "date": "2022-01-12"}, {"cases": 104833, "tests": 1303369, "date": "2022-01-11"}, {"cases": 115998, "tests": 1495758, "date": "2022-01-10"}, {"cases": 121228, "tests": 1503149, "date": "2022-01-09"}, {"cases": 130330, "tests": 1231235, "date": "2022-01-08"}, {"cases": 149405, "tests": 1471298, "date": "2022-01-07"}, {"cases": 152306, "tests": 1661761, "date": "2022-01-06"}, {"cases": 150232, "tests": 1900872, "date": "2022-01-05"}, {"cases": 148725, "tests": 1875878, "date": "2022-01-04"}, {"cases": 137541, "tests": 1473495, "date": "2022-01-03"}, {"cases": 123547, "tests": 1225326, "date": "2022-01-02"}, {"cases": 162572, "tests": 1019745, "date": "2022-01-01"}, {"cases": 160276, "tests": 1621415, "date": "2021-12-31"}, {"cases": 146604, "tests": 1363077, "date": "2021-12-30"}, {"cases": 138287, "tests": 1362416, "date": "2021-12-29"}, {"cases": 117093, "tests": 1222007, "date": "2021-12-28"}, {"cases": 98515, "tests": 1206662, "date": "2021-12-27"}, {"cases": 103558, "tests": 1182502, "date": "2021-12-26"}, {"cases": 113628, "tests": 1126337, "date": "2021-12-25"}, {"cases": 105069, "tests": 1526734, "date": "2021-12-24"}, {"cases": 107055, "tests": 1481571, "date": "2021-12-23"}, {"cases": 95795, "tests": 1527228, "date": "2021-12-22"}, {"cases": 80916, "tests": 1363225, "date": "2021-12-21"}, {"cases": 76065, "tests": 1384803, "date": "2021-12-20"}, {"cases": 71702, "tests": 1319909, "date": "2021-12-19"}, {"cases": 82426, "tests": 1309644, "date": "2021-12-18"}, {"cases": 83693, "tests": 1438617, "date": "2021-12-17"}, {"cases": 77299, "tests": 1472355, "date": "2021-12-16"}, {"cases": 68868, "tests": 1505228, "date": "2021-12-15"}, {"cases": 53093, "tests": 1192073, "date": "2021-12-14"}, {"cases": 44931, "tests": 1224370, "date": "2021-12-13"}, {"cases": 40713, "tests": 1140279, "date": "2021-12-12"}, {"cases": 48540, "tests": 927390, "date": "2021-12-11"}, {"cases": 48908, "tests": 1082643, "date": "2021-12-10"}, {"cases": 43550, "tests": 1190280, "date": "2021-12-09"}, {"cases": 44019, "tests": 1163361, "date": "2021-12-08"}, {"cases": 38866, "tests": 943261, "date": "2021-12-07"}, {"cases": 41525, "tests": 1020251, "date": "2021-12-06"}, {"cases": 37396, "tests": 1027196, "date": "2021-12-05"}, {"cases": 39949, "tests": 795714, "date": "2021-12-04"}, {"cases": 43888, "tests": 958315, "date": "2021-12-03"}, {"cases": 45880, "tests": 1037506, "date": "2021-12-02"}, {"cases": 41519, "tests": 1083562, "date": "2021-12-01"}, {"cases": 33590, "tests": 914887, "date": "2021-11-30"}, {"cases": 34906, "tests": 940489, "date": "2021-11-29"}, {"cases": 32136, "tests": 913689, "date": "2021-11-28"}, {"cases": 35798, "tests": 668758, "date": "2021-11-27"}, {"cases": 42272, "tests": 796731, "date": "2021-11-26"}, {"cases": 40382, "tests": 942502, "date": "2021-11-25"}, {"cases": 36511, "tests": 985329, "date": "2021-11-24"}, {"cases": 36550, "tests": 817812, "date": "2021-11-23"}, {"cases": 36478, "tests": 913444, "date": "2021-11-22"}, {"cases": 33513, "tests": 903819, "date": "2021-11-21"}, {"cases": 36339, "tests": 664782, "date": "2021-11-20"}, {"cases": 37006, "tests": 777180, "date": "2021-11-19"}, {"cases": 39315, "tests": 895963, "date": "2021-11-18"}, {"cases": 30638, "tests": 945489, "date": "2021-11-17"}, {"cases": 30853, "tests": 717163, "date": "2021-11-16"}, {"cases": 31440, "tests": 850445, "date": "2021-11-15"}, {"cases": 29404, "tests": 827911, "date": "2021-11-14"}, {"cases": 33493, "tests": 608657, "date": "2021-11-13"}, {"cases": 33155, "tests": 742052, "date": "2021-11-12"}, {"cases": 35472, "tests": 880925, "date": "2021-11-11"}, {"cases": 31541, "tests": 929295, "date": "2021-11-10"}, {"cases": 27872, "tests": 757518, "date": "2021-11-09"}, {"cases": 24979, "tests": 861218, "date": "2021-11-08"}, {"cases": 23779, "tests": 792077, "date": "2021-11-07"}, {"cases": 26250, "tests": 599089, "date": "2021-11-06"}, {"cases": 28490, "tests": 734420, "date": "2021-11-05"}, {"cases": 30166, "tests": 838117, "date": "2021-11-04"}, {"cases": 34317, "tests": 895698, "date": "2021-11-03"}, {"cases": 28531, "tests": 772399, "date": "2021-11-02"}, {"cases": 32081, "tests": 850669, "date": "2021-11-01"}, {"cases": 31479, "tests": 866687, "date": "2021-10-31"}, {"cases": 36204, "tests": 617629, "date": "2021-10-30"}, {"cases": 36853, "tests": 735186, "date": "2021-10-29"}, {"cases": 33903, "tests": 771876, "date": "2021-10-28"}, {"cases": 37502, "tests": 809425, "date": "2021-10-27"}, {"cases": 32280, "tests": 733902, "date": "2021-10-26"}, {"cases": 33309, "tests": 729721, "date": "2021-10-25"}, {"cases": 33221, "tests": 739851, "date": "2021-10-24"}, {"cases": 41259, "tests": 656760, "date": "2021-10-23"}, {"cases": 41745, "tests": 824725, "date": "2021-10-22"}, {"cases": 44363, "tests": 912855, "date": "2021-10-21"}, {"cases": 41498, "tests": 1008194, "date": "2021-10-20"}, {"cases": 36712, "tests": 799095, "date": "2021-10-19"}, {"cases": 39473, "tests": 853034, "date": "2021-10-18"}, {"cases": 38543, "tests": 897406, "date": "2021-10-17"}, {"cases": 39624, "tests": 691155, "date": "2021-10-16"}, {"cases": 37691, "tests": 826424, "date": "2021-10-15"}, {"cases": 38488, "tests": 896469, "date": "2021-10-14"}, {"cases": 36458, "tests": 959549, "date": "2021-10-13"}, {"cases": 33287, "tests": 800480, "date": "2021-10-12"}, {"cases": 32349, "tests": 883867, "date": "2021-10-11"}, {"cases": 31096, "tests": 879451, "date": "2021-10-10"}, {"cases": 31259, "tests": 655126, "date": "2021-10-09"}, {"cases": 32157, "tests": 798238, "date": "2021-10-08"}, {"cases": 33305, "tests": 892854, "date": "2021-10-07"}, {"cases": 33450, "tests": 959529, "date": "2021-10-06"}, {"cases": 28846, "tests": 772715, "date": "2021-10-05"}, {"cases": 28251, "tests": 881998, "date": "2021-10-04"}, {"cases": 25176, "tests": 924980, "date": "2021-10-03"}, {"cases": 26794, "tests": 650177, "date": "2021-10-02"}, {"cases": 28836, "tests": 825558, "date": "2021-10-01"}, {"cases": 29826, "tests": 932846, "date": "2021-09-30"}, {"cases": 29036, "tests": 1010924, "date": "2021-09-29"}, {"cases": 28808, "tests": 768631, "date": "2021-09-28"}, {"cases": 29329, "tests": 935366, "date": "2021-09-27"}, {"cases": 25538, "tests": 1012531, "date": "2021-09-26"}, {"cases": 28087, "tests": 682408, "date": "2021-09-25"}, {"cases": 28199, "tests": 819383, "date": "2021-09-24"}, {"cases": 29045, "tests": 959997, "date": "2021-09-23"}, {"cases": 27317, "tests": 854373, "date": "2021-09-22"}, {"cases": 24973, "tests": 789577, "date": "2021-09-21"}, {"cases": 26905, "tests": 907467, "date": "2021-09-20"}, {"cases": 22173, "tests": 1017653, "date": "2021-09-19"}, {"cases": 22956, "tests": 631554, "date": "2021-09-18"}, {"cases": 23265, "tests": 773676, "date": "2021-09-17"}, {"cases": 22949, "tests": 924282, "date": "2021-09-16"}, {"cases": 22078, "tests": 1014076, "date": "2021-09-15"}, {"cases": 19739, "tests": 780563, "date": "2021-09-14"}, {"cases": 21077, "tests": 956103, "date": "2021-09-13"}, {"cases": 19913, "tests": 961127, "date": "2021-09-12"}, {"cases": 23825, "tests": 651514, "date": "2021-09-11"}, {"cases": 26653, "tests": 967623, "date": "2021-09-10"}, {"cases": 27049, "tests": 1105398, "date": "2021-09-09"}, {"cases": 29286, "tests": 1119627, "date": "2021-09-08"}, {"cases": 27545, "tests": 1046206, "date": "2021-09-07"}, {"cases": 27202, "tests": 1247856, "date": "2021-09-06"}, {"cases": 27022, "tests": 913493, "date": "2021-09-05"}, {"cases": 29614, "tests": 657090, "date": "2021-09-04"}, {"cases": 31726, "tests": 1100644, "date": "2021-09-03"}, {"cases": 28686, "tests": 1050554, "date": "2021-09-02"}, {"cases": 24723, "tests": 923737, "date": "2021-09-01"}, {"cases": 20967, "tests": 809943, "date": "2021-08-31"}, {"cases": 21324, "tests": 600424, "date": "2021-08-30"}, {"cases": 22501, "tests": 619475, "date": "2021-08-29"}, {"cases": 25118, "tests": 642499, "date": "2021-08-28"}, {"cases": 27545, "tests": 796954, "date": "2021-08-27"}, {"cases": 29417, "tests": 848434, "date": "2021-08-26"}, {"cases": 27350, "tests": 830720, "date": "2021-08-25"}, {"cases": 23474, "tests": 660532, "date": "2021-08-24"}, {"cases": 24158, "tests": 667003, "date": "2021-08-23"}, {"cases": 25952, "tests": 599609, "date": "2021-08-22"}, {"cases": 26982, "tests": 588246, "date": "2021-08-21"}, {"cases": 29576, "tests": 683738, "date": "2021-08-20"}, {"cases": 29762, "tests": 737575, "date": "2021-08-19"}, {"cases": 28648, "tests": 719593, "date": "2021-08-18"}, {"cases": 22712, "tests": 657110, "date": "2021-08-17"}, {"cases": 23171, "tests": 649153, "date": "2021-08-16"}, {"cases": 22859, "tests": 603825, "date": "2021-08-15"}, {"cases": 26700, "tests": 606346, "date": "2021-08-14"}, {"cases": 28679, "tests": 752219, "date": "2021-08-13"}, {"cases": 28093, "tests": 743984, "date": "2021-08-12"}, {"cases": 26647, "tests": 759064, "date": "2021-08-11"}, {"cases": 20630, "tests": 679362, "date": "2021-08-10"}, {"cases": 21915, "tests": 680362, "date": "2021-08-09"}, {"cases": 24196, "tests": 625874, "date": "2021-08-08"}, {"cases": 25877, "tests": 615248, "date": "2021-08-07"}, {"cases": 28321, "tests": 725447, "date": "2021-08-06"}, {"cases": 26512, "tests": 755499, "date": "2021-08-05"}, {"cases": 26393, "tests": 769808, "date": "2021-08-04"}, {"cases": 19012, "tests": 660857, "date": "2021-08-03"}, {"cases": 19175, "tests": 680708, "date": "2021-08-02"}, {"cases": 21645, "tests": 611419, "date": "2021-08-01"}, {"cases": 23949, "tests": 632198, "date": "2021-07-31"}, {"cases": 26241, "tests": 773979, "date": "2021-07-30"}, {"cases": 27524, "tests": 791254, "date": "2021-07-29"}, {"cases": 24367, "tests": 829924, "date": "2021-07-28"}, {"cases": 20290, "tests": 733973, "date": "2021-07-27"}, {"cases": 22181, "tests": 757754, "date": "2021-07-26"}, {"cases": 25434, "tests": 730820, "date": "2021-07-25"}, {"cases": 28968, "tests": 692843, "date": "2021-07-24"}, {"cases": 32792, "tests": 860428, "date": "2021-07-23"}, {"cases": 35939, "tests": 949313, "date": "2021-07-22"}, {"cases": 39504, "tests": 964123, "date": "2021-07-21"}, {"cases": 43261, "tests": 818415, "date": "2021-07-20"}, {"cases": 34657, "tests": 1027428, "date": "2021-07-19"}, {"cases": 44777, "tests": 966457, "date": "2021-07-18"}, {"cases": 50955, "tests": 725904, "date": "2021-07-17"}, {"cases": 47360, "tests": 919600, "date": "2021-07-16"}, {"cases": 44523, "tests": 1102043, "date": "2021-07-15"}, {"cases": 37895, "tests": 1128803, "date": "2021-07-14"}, {"cases": 32883, "tests": 859421, "date": "2021-07-13"}, {"cases": 30619, "tests": 1011603, "date": "2021-07-12"}, {"cases": 28421, "tests": 1048795, "date": "2021-07-11"}, {"cases": 29732, "tests": 695139, "date": "2021-07-10"}, {"cases": 31231, "tests": 842867, "date": "2021-07-09"}, {"cases": 28421, "tests": 1025140, "date": "2021-07-08"}, {"cases": 27516, "tests": 1147967, "date": "2021-07-07"}, {"cases": 25295, "tests": 891896, "date": "2021-07-06"}, {"cases": 23286, "tests": 1097123, "date": "2021-07-05"}, {"cases": 20454, "tests": 1195034, "date": "2021-07-04"}, {"cases": 21317, "tests": 602571, "date": "2021-07-03"}, {"cases": 22393, "tests": 794967, "date": "2021-07-02"}, {"cases": 22948, "tests": 1035456, "date": "2021-07-01"}, {"cases": 21293, "tests": 1163624, "date": "2021-06-30"}, {"cases": 16802, "tests": 807040, "date": "2021-06-29"}, {"cases": 18702, "tests": 1032734, "date": "2021-06-28"}, {"cases": 11560, "tests": 1142533, "date": "2021-06-27"}, {"cases": 15136, "tests": 566561, "date": "2021-06-26"}, {"cases": 13498, "tests": 776439, "date": "2021-06-25"}, {"cases": 13068, "tests": 997842, "date": "2021-06-24"}, {"cases": 12765, "tests": 1075951, "date": "2021-06-23"}, {"cases": 9096, "tests": 750708, "date": "2021-06-22"}, {"cases": 8766, "tests": 969635, "date": "2021-06-21"}, {"cases": 7778, "tests": 1082517, "date": "2021-06-20"}, {"cases": 8954, "tests": 545008, "date": "2021-06-19"}, {"cases": 9185, "tests": 723275, "date": "2021-06-18"}, {"cases": 9371, "tests": 970345, "date": "2021-06-17"}, {"cases": 7642, "tests": 1032648, "date": "2021-06-16"}, {"cases": 6486, "tests": 713622, "date": "2021-06-15"}, {"cases": 6647, "tests": 886626, "date": "2021-06-14"}, {"cases": 6269, "tests": 997858, "date": "2021-06-13"}, {"cases": 6601, "tests": 489485, "date": "2021-06-12"}, {"cases": 6782, "tests": 681411, "date": "2021-06-11"}, {"cases": 6436, "tests": 876589, "date": "2021-06-10"}, {"cases": 6201, "tests": 1010064, "date": "2021-06-09"}, {"cases": 5250, "tests": 652779, "date": "2021-06-08"}, {"cases": 4913, "tests": 889593, "date": "2021-06-07"}, {"cases": 4405, "tests": 1187000, "date": "2021-06-06"}, {"cases": 4810, "tests": 444901, "date": "2021-06-05"}, {"cases": 5102, "tests": 604333, "date": "2021-06-04"}, {"cases": 4310, "tests": 738108, "date": "2021-06-03"}, {"cases": 3486, "tests": 784848, "date": "2021-06-02"}, {"cases": 2539, "tests": 607774, "date": "2021-06-01"}, {"cases": 2854, "tests": 560128, "date": "2021-05-31"}, {"cases": 2621, "tests": 569154, "date": "2021-05-30"}, {"cases": 2747, "tests": 443257, "date": "2021-05-29"}, {"cases": 3434, "tests": 611711, "date": "2021-05-28"}, {"cases": 2936, "tests": 886631, "date": "2021-05-27"}, {"cases": 2540, "tests": 1055650, "date": "2021-05-26"}, {"cases": 2081, "tests": 682406, "date": "2021-05-25"}, {"cases": 1972, "tests": 903433, "date": "2021-05-24"}, {"cases": 1734, "tests": 1113005, "date": "2021-05-23"}, {"cases": 2242, "tests": 458353, "date": "2021-05-22"}, {"cases": 2303, "tests": 659989, "date": "2021-05-21"}, {"cases": 2307, "tests": 922338, "date": "2021-05-20"}, {"cases": 2151, "tests": 1111532, "date": "2021-05-19"}, {"cases": 2008, "tests": 675411, "date": "2021-05-18"}, {"cases": 1645, "tests": 928113, "date": "2021-05-17"}, {"cases": 1471, "tests": 1035211, "date": "2021-05-16"}, {"cases": 1614, "tests": 419980, "date": "2021-05-15"}, {"cases": 1828, "tests": 623994, "date": "2021-05-14"}, {"cases": 2229, "tests": 928496, "date": "2021-05-13"}, {"cases": 1804, "tests": 1109870, "date": "2021-05-12"}, {"cases": 2117, "tests": 661289, "date": "2021-05-11"}, {"cases": 2009, "tests": 916004, "date": "2021-05-10"}, {"cases": 1418, "tests": 1266264, "date": "2021-05-09"}, {"cases": 1742, "tests": 461812, "date": "2021-05-08"}, {"cases": 2142, "tests": 648718, "date": "2021-05-07"}, {"cases": 2194, "tests": 1004252, "date": "2021-05-06"}, {"cases": 1906, "tests": 1148637, "date": "2021-05-05"}, {"cases": 1659, "tests": 807620, "date": "2021-05-04"}, {"cases": 1453, "tests": 1031934, "date": "2021-05-03"}, {"cases": 1377, "tests": 782816, "date": "2021-05-02"}, {"cases": 1642, "tests": 453080, "date": "2021-05-01"}, {"cases": 2046, "tests": 611467, "date": "2021-04-30"}, {"cases": 2103, "tests": 998942, "date": "2021-04-29"}, {"cases": 1829, "tests": 1282905, "date": "2021-04-28"}, {"cases": 2410, "tests": 673594, "date": "2021-04-27"}, {"cases": 1752, "tests": 979586, "date": "2021-04-26"}, {"cases": 1401, "tests": 1415066, "date": "2021-04-25"}, {"cases": 1804, "tests": 460477, "date": "2021-04-24"}, {"cases": 2277, "tests": 660952, "date": "2021-04-23"}, {"cases": 2315, "tests": 1032882, "date": "2021-04-22"}, {"cases": 1943, "tests": 1305211, "date": "2021-04-21"}, {"cases": 2169, "tests": 677851, "date": "2021-04-20"}, {"cases": 2550, "tests": 996550, "date": "2021-04-19"}, {"cases": 1495, "tests": 1632471, "date": "2021-04-18"}, {"cases": 1897, "tests": 464148, "date": "2021-04-17"}, {"cases": 2225, "tests": 631268, "date": "2021-04-16"}, {"cases": 2171, "tests": 933279, "date": "2021-04-15"}, {"cases": 2054, "tests": 1095114, "date": "2021-04-14"}, {"cases": 2070, "tests": 634485, "date": "2021-04-13"}, {"cases": 3222, "tests": 832901, "date": "2021-04-12"}, {"cases": 1338, "tests": 1178124, "date": "2021-04-11"}, {"cases": 2032, "tests": 446544, "date": "2021-04-10"}, {"cases": 2638, "tests": 617160, "date": "2021-04-09"}, {"cases": 2486, "tests": 868525, "date": "2021-04-08"}, {"cases": 2304, "tests": 978141, "date": "2021-04-07"}, {"cases": 1937, "tests": 586010, "date": "2021-04-06"}, {"cases": 2236, "tests": 709068, "date": "2021-04-05"}, {"cases": 1954, "tests": 787150, "date": "2021-04-04"}, {"cases": 2847, "tests": 358728, "date": "2021-04-03"}, {"cases": 2881, "tests": 518768, "date": "2021-04-02"}, {"cases": 3784, "tests": 890096, "date": "2021-04-01"}, {"cases": 3327, "tests": 1195085, "date": "2021-03-31"}, {"cases": 3384, "tests": 645975, "date": "2021-03-30"}, {"cases": 4112, "tests": 921655, "date": "2021-03-29"}, {"cases": 3153, "tests": 1597747, "date": "2021-03-28"}, {"cases": 3813, "tests": 421441, "date": "2021-03-27"}, {"cases": 5273, "tests": 655220, "date": "2021-03-26"}, {"cases": 5286, "tests": 1197761, "date": "2021-03-25"}, {"cases": 4615, "tests": 1731136, "date": "2021-03-24"}, {"cases": 4583, "tests": 781983, "date": "2021-03-23"}, {"cases": 4746, "tests": 1139092, "date": "2021-03-22"}, {"cases": 4459, "tests": 1846247, "date": "2021-03-21"}, {"cases": 4732, "tests": 415881, "date": "2021-03-20"}, {"cases": 3809, "tests": 869286, "date": "2021-03-19"}, {"cases": 5213, "tests": 1362358, "date": "2021-03-18"}, {"cases": 4827, "tests": 1557932, "date": "2021-03-17"}, {"cases": 4391, "tests": 1265593, "date": "2021-03-16"}, {"cases": 4264, "tests": 1527048, "date": "2021-03-15"}, {"cases": 3774, "tests": 927374, "date": "2021-03-14"}, {"cases": 4539, "tests": 396794, "date": "2021-03-13"}, {"cases": 5529, "tests": 1351022, "date": "2021-03-12"}, {"cases": 5744, "tests": 1551154, "date": "2021-03-11"}, {"cases": 4863, "tests": 1489103, "date": "2021-03-10"}, {"cases": 4894, "tests": 1324189, "date": "2021-03-09"}, {"cases": 3903, "tests": 1488189, "date": "2021-03-08"}, {"cases": 4497, "tests": 772034, "date": "2021-03-07"}, {"cases": 5118, "tests": 413588, "date": "2021-03-06"}, {"cases": 5053, "tests": 899295, "date": "2021-03-05"}, {"cases": 5643, "tests": 932183, "date": "2021-03-04"}, {"cases": 5408, "tests": 803871, "date": "2021-03-03"}, {"cases": 5530, "tests": 624511, "date": "2021-03-02"}, {"cases": 4738, "tests": 689409, "date": "2021-03-01"}, {"cases": 5080, "tests": 490556, "date": "2021-02-28"}, {"cases": 6527, "tests": 341003, "date": "2021-02-27"}, {"cases": 7393, "tests": 556413, "date": "2021-02-26"}, {"cases": 8623, "tests": 669644, "date": "2021-02-25"}, {"cases": 8644, "tests": 676169, "date": "2021-02-24"}, {"cases": 7292, "tests": 547018, "date": "2021-02-23"}, {"cases": 9420, "tests": 622630, "date": "2021-02-22"}, {"cases": 8408, "tests": 545132, "date": "2021-02-21"}, {"cases": 8964, "tests": 354347, "date": "2021-02-20"}, {"cases": 10296, "tests": 461574, "date": "2021-02-19"}, {"cases": 10740, "tests": 479683, "date": "2021-02-18"}, {"cases": 10926, "tests": 506987, "date": "2021-02-17"}, {"cases": 9236, "tests": 433727, "date": "2021-02-16"}, {"cases": 8609, "tests": 403590, "date": "2021-02-15"}, {"cases": 9499, "tests": 352376, "date": "2021-02-14"}, {"cases": 11697, "tests": 346973, "date": "2021-02-13"}, {"cases": 13299, "tests": 555812, "date": "2021-02-12"}, {"cases": 12001, "tests": 653989, "date": "2021-02-11"}, {"cases": 11551, "tests": 692264, "date": "2021-02-10"}, {"cases": 10916, "tests": 517297, "date": "2021-02-09"}, {"cases": 12270, "tests": 579987, "date": "2021-02-08"}, {"cases": 14466, "tests": 542254, "date": "2021-02-07"}, {"cases": 16302, "tests": 410924, "date": "2021-02-06"}, {"cases": 17314, "tests": 613670, "date": "2021-02-05"}, {"cases": 18529, "tests": 724819, "date": "2021-02-04"}, {"cases": 17265, "tests": 734774, "date": "2021-02-03"}, {"cases": 15021, "tests": 554524, "date": "2021-02-02"}, {"cases": 16815, "tests": 602147, "date": "2021-02-01"}, {"cases": 19054, "tests": 532158, "date": "2021-01-31"}, {"cases": 21089, "tests": 393938, "date": "2021-01-30"}, {"cases": 26709, "tests": 608192, "date": "2021-01-29"}, {"cases": 26182, "tests": 688608, "date": "2021-01-28"}, {"cases": 22914, "tests": 704701, "date": "2021-01-27"}, {"cases": 17920, "tests": 546378, "date": "2021-01-26"}, {"cases": 20149, "tests": 501157, "date": "2021-01-25"}, {"cases": 27580, "tests": 367278, "date": "2021-01-24"}, {"cases": 30496, "tests": 431293, "date": "2021-01-23"}, {"cases": 37115, "tests": 571037, "date": "2021-01-22"}, {"cases": 34371, "tests": 592885, "date": "2021-01-21"}, {"cases": 35061, "tests": 571349, "date": "2021-01-20"}, {"cases": 30371, "tests": 514408, "date": "2021-01-19"}, {"cases": 34134, "tests": 501632, "date": "2021-01-18"}, {"cases": 35263, "tests": 366849, "date": "2021-01-17"}, {"cases": 37759, "tests": 435062, "date": "2021-01-16"}, {"cases": 50741, "tests": 534676, "date": "2021-01-15"}, {"cases": 44358, "tests": 609756, "date": "2021-01-14"}, {"cases": 42898, "tests": 542757, "date": "2021-01-13"}, {"cases": 41121, "tests": 499464, "date": "2021-01-12"}, {"cases": 41835, "tests": 476006, "date": "2021-01-11"}, {"cases": 50291, "tests": 407190, "date": "2021-01-10"}, {"cases": 54257, "tests": 488110, "date": "2021-01-09"}, {"cases": 61757, "tests": 596666, "date": "2021-01-08"}, {"cases": 46841, "tests": 540911, "date": "2021-01-07"}, {"cases": 56060, "tests": 488412, "date": "2021-01-06"}, {"cases": 54940, "tests": 427596, "date": "2021-01-05"}, {"cases": 53180, "tests": 411133, "date": "2021-01-04"}, {"cases": 46853, "tests": 380631, "date": "2021-01-03"}, {"cases": 49248, "tests": 351732, "date": "2021-01-02"}, {"cases": 50746, "tests": 373601, "date": "2021-01-01"}, {"cases": 49510, "tests": 447606, "date": "2020-12-31"}, {"cases": 43554, "tests": 346016, "date": "2020-12-30"}, {"cases": 47164, "tests": 271773, "date": "2020-12-29"}, {"cases": 36511, "tests": 315800, "date": "2020-12-28"}, {"cases": 25619, "tests": 315902, "date": "2020-12-27"}, {"cases": 31307, "tests": 225266, "date": "2020-12-26"}, {"cases": 31560, "tests": 319349, "date": "2020-12-25"}, {"cases": 35561, "tests": 430507, "date": "2020-12-24"}, {"cases": 34247, "tests": 436796, "date": "2020-12-23"}, {"cases": 32288, "tests": 381592, "date": "2020-12-22"}, {"cases": 28742, "tests": 355293, "date": "2020-12-21"}, {"cases": 32155, "tests": 367421, "date": "2020-12-20"}, {"cases": 22775, "tests": 391150, "date": "2020-12-19"}, {"cases": 24452, "tests": 328226, "date": "2020-12-18"}, {"cases": 22401, "tests": 317962, "date": "2020-12-17"}, {"cases": 23432, "tests": 251391, "date": "2020-12-16"}, {"cases": 16504, "tests": 252948, "date": "2020-12-15"}, {"cases": 17882, "tests": 234908, "date": "2020-12-14"}, {"cases": 17164, "tests": 273943, "date": "2020-12-13"}, {"cases": 17468, "tests": 321230, "date": "2020-12-12"}, {"cases": 17899, "tests": 328924, "date": "2020-12-11"}, {"cases": 17622, "tests": 333033, "date": "2020-12-10"}, {"cases": 12960, "tests": 307957, "date": "2020-12-09"}, {"cases": 10459, "tests": 236186, "date": "2020-12-08"}, {"cases": 11623, "tests": 172159, "date": "2020-12-07"}, {"cases": 14294, "tests": 224905, "date": "2020-12-06"}, {"cases": 12666, "tests": 299072, "date": "2020-12-05"}, {"cases": 13412, "tests": 320485, "date": "2020-12-04"}, {"cases": 11992, "tests": 322549, "date": "2020-12-03"}, {"cases": 13323, "tests": 282323, "date": "2020-12-02"}, {"cases": 11618, "tests": 249772, "date": "2020-12-01"}, {"cases": 10869, "tests": 165178, "date": "2020-11-30"}, {"cases": 10054, "tests": 169056, "date": "2020-11-29"}, {"cases": 13323, "tests": 255094, "date": "2020-11-28"}, {"cases": 13557, "tests": 268098, "date": "2020-11-27"}, {"cases": 14637, "tests": 312455, "date": "2020-11-26"}, {"cases": 15893, "tests": 280804, "date": "2020-11-25"}, {"cases": 9854, "tests": 247884, "date": "2020-11-24"}, {"cases": 13329, "tests": 158466, "date": "2020-11-23"}, {"cases": 16668, "tests": 207534, "date": "2020-11-22"}, {"cases": 17615, "tests": 296794, "date": "2020-11-21"}, {"cases": 17845, "tests": 321020, "date": "2020-11-20"}, {"cases": 20291, "tests": 316938, "date": "2020-11-19"}, {"cases": 17189, "tests": 293129, "date": "2020-11-18"}, {"cases": 17549, "tests": 233414, "date": "2020-11-17"}, {"cases": 19423, "tests": 185495, "date": "2020-11-16"}, {"cases": 21998, "tests": 238315, "date": "2020-11-15"}, {"cases": 24298, "tests": 295956, "date": "2020-11-14"}, {"cases": 24540, "tests": 328578, "date": "2020-11-13"}, {"cases": 30843, "tests": 326703, "date": "2020-11-12"}, {"cases": 19970, "tests": 314970, "date": "2020-11-11"}, {"cases": 18622, "tests": 245450, "date": "2020-11-10"}, {"cases": 19036, "tests": 199273, "date": "2020-11-09"}, {"cases": 18293, "tests": 236655, "date": "2020-11-08"}, {"cases": 21875, "tests": 280565, "date": "2020-11-07"}, {"cases": 20268, "tests": 308529, "date": "2020-11-06"}, {"cases": 21137, "tests": 286228, "date": "2020-11-05"}, {"cases": 21863, "tests": 246174, "date": "2020-11-04"}, {"cases": 17330, "tests": 214840, "date": "2020-11-03"}, {"cases": 15860, "tests": 154904, "date": "2020-11-02"}, {"cases": 20602, "tests": 215579, "date": "2020-11-01"}, {"cases": 18864, "tests": 253214, "date": "2020-10-31"}, {"cases": 20821, "tests": 244316, "date": "2020-10-30"}, {"cases": 19740, "tests": 280484, "date": "2020-10-29"}, {"cases": 21245, "tests": 247099, "date": "2020-10-28"}, {"cases": 19629, "tests": 220844, "date": "2020-10-27"}, {"cases": 17883, "tests": 187592, "date": "2020-10-26"}, {"cases": 16487, "tests": 263208, "date": "2020-10-25"}, {"cases": 19332, "tests": 253763, "date": "2020-10-24"}, {"cases": 17116, "tests": 275205, "date": "2020-10-23"}, {"cases": 17354, "tests": 275657, "date": "2020-10-22"}, {"cases": 22948, "tests": 242653, "date": "2020-10-21"}, {"cases": 17814, "tests": 219535, "date": "2020-10-20"}, {"cases": 16365, "tests": 200374, "date": "2020-10-19"}, {"cases": 14704, "tests": 256224, "date": "2020-10-18"}, {"cases": 13299, "tests": 245596, "date": "2020-10-17"}, {"cases": 12176, "tests": 260535, "date": "2020-10-16"}, {"cases": 16139, "tests": 241224, "date": "2020-10-15"}, {"cases": 16132, "tests": 235103, "date": "2020-10-14"}, {"cases": 14310, "tests": 210070, "date": "2020-10-13"}, {"cases": 11647, "tests": 165406, "date": "2020-10-12"}, {"cases": 10383, "tests": 210183, "date": "2020-10-11"}, {"cases": 12628, "tests": 226921, "date": "2020-10-10"}, {"cases": 10772, "tests": 245005, "date": "2020-10-09"}, {"cases": 14952, "tests": 229819, "date": "2020-10-08"}, {"cases": 11528, "tests": 196762, "date": "2020-10-07"}, {"cases": 12648, "tests": 199506, "date": "2020-10-06"}, {"cases": 10685, "tests": 200513, "date": "2020-10-05"}, {"cases": 21309, "tests": 196982, "date": "2020-10-04"}, {"cases": 10806, "tests": 229302, "date": "2020-10-03"}, {"cases": 4797, "tests": 220525, "date": "2020-10-02"}, {"cases": 5589, "tests": 207378, "date": "2020-10-01"}, {"cases": 5656, "tests": 201391, "date": "2020-09-30"}, {"cases": 5651, "tests": 178663, "date": "2020-09-29"}, {"cases": 3316, "tests": 172753, "date": "2020-09-28"}, {"cases": 4800, "tests": 203877, "date": "2020-09-27"}, {"cases": 4639, "tests": 212285, "date": "2020-09-26"}, {"cases": 5723, "tests": 230160, "date": "2020-09-25"}, {"cases": 5632, "tests": 214958, "date": "2020-09-24"}, {"cases": 5083, "tests": 199502, "date": "2020-09-23"}, {"cases": 4187, "tests": 185095, "date": "2020-09-22"}, {"cases": 3754, "tests": 164077, "date": "2020-09-21"}, {"cases": 3279, "tests": 192119, "date": "2020-09-20"}, {"cases": 3638, "tests": 212982, "date": "2020-09-19"}, {"cases": 3771, "tests": 217362, "date": "2020-09-18"}, {"cases": 2788, "tests": 205264, "date": "2020-09-17"}, {"cases": 3396, "tests": 207516, "date": "2020-09-16"}, {"cases": 2649, "tests": 200210, "date": "2020-09-15"}, {"cases": 2259, "tests": 183010, "date": "2020-09-14"}, {"cases": 2837, "tests": 186464, "date": "2020-09-13"}, {"cases": 3008, "tests": 188445, "date": "2020-09-12"}, {"cases": 3143, "tests": 209405, "date": "2020-09-11"}, {"cases": 2578, "tests": 198710, "date": "2020-09-10"}, {"cases": 2286, "tests": 178198, "date": "2020-09-09"}, {"cases": 2094, "tests": 164626, "date": "2020-09-08"}, {"cases": 2528, "tests": 153403, "date": "2020-09-07"}, {"cases": 2576, "tests": 146110, "date": "2020-09-06"}, {"cases": 1477, "tests": 138964, "date": "2020-09-05"}, {"cases": 1669, "tests": 167091, "date": "2020-09-04"}, {"cases": 1507, "tests": 156472, "date": "2020-09-03"}, {"cases": 1239, "tests": 153341, "date": "2020-09-02"}, {"cases": 1041, "tests": 128278, "date": "2020-09-01"}, {"cases": 1149, "tests": 129093, "date": "2020-08-31"}, {"cases": 1487, "tests": 131938, "date": "2020-08-30"}, {"cases": 891, "tests": 134728, "date": "2020-08-29"}, {"cases": 1106, "tests": 143684, "date": "2020-08-28"}, {"cases": 1350, "tests": 158514, "date": "2020-08-27"}, {"cases": 875, "tests": 154171, "date": "2020-08-26"}, {"cases": 1065, "tests": 135380, "date": "2020-08-25"}, {"cases": 758, "tests": 114923, "date": "2020-08-24"}, {"cases": 938, "tests": 136407, "date": "2020-08-23"}, {"cases": 1060, "tests": 143117, "date": "2020-08-22"}, {"cases": 908, "tests": 161792, "date": "2020-08-21"}, {"cases": 1035, "tests": 153990, "date": "2020-08-20"}, {"cases": 707, "tests": 155714, "date": "2020-08-19"}, {"cases": 975, "tests": 139115, "date": "2020-08-18"}, {"cases": 634, "tests": 123659, "date": "2020-08-17"}, {"cases": 952, "tests": 142809, "date": "2020-08-16"}, {"cases": 934, "tests": 153610, "date": "2020-08-15"}, {"cases": 1284, "tests": 147324, "date": "2020-08-14"}, {"cases": 1059, "tests": 140705, "date": "2020-08-13"}, {"cases": 925, "tests": 155059, "date": "2020-08-12"}, {"cases": 1035, "tests": 131916, "date": "2020-08-11"}, {"cases": 699, "tests": 119028, "date": "2020-08-10"}, {"cases": 988, "tests": 129513, "date": "2020-08-09"}, {"cases": 679, "tests": 130547, "date": "2020-08-08"}, {"cases": 796, "tests": 141601, "date": "2020-08-07"}, {"cases": 826, "tests": 147556, "date": "2020-08-06"}, {"cases": 804, "tests": 135562, "date": "2020-08-05"}, {"cases": 617, "tests": 128983, "date": "2020-08-04"}, {"cases": 856, "tests": 115267, "date": "2020-08-03"}, {"cases": 676, "tests": 106765, "date": "2020-08-02"}, {"cases": 722, "tests": 118567, "date": "2020-08-01"}, {"cases": 814, "tests": 130267, "date": "2020-07-31"}, {"cases": 812, "tests": 139459, "date": "2020-07-30"}, {"cases": 700, "tests": 131004, "date": "2020-07-29"}, {"cases": 547, "tests": 122852, "date": "2020-07-28"}, {"cases": 616, "tests": 74300, "date": "2020-07-27"}, {"cases": 721, "tests": 89686, "date": "2020-07-26"}, {"cases": 710, "tests": 121177, "date": "2020-07-25"}, {"cases": 688, "tests": 129726, "date": "2020-07-24"}, {"cases": 702, "tests": 119536, "date": "2020-07-23"}, {"cases": 519, "tests": 123219, "date": "2020-07-22"}, {"cases": 399, "tests": 117233, "date": "2020-07-21"}, {"cases": 535, "tests": 78789, "date": "2020-07-20"}, {"cases": 672, "tests": 88553, "date": "2020-07-19"}, {"cases": 796, "tests": 111210, "date": "2020-07-18"}, {"cases": 635, "tests": 150355, "date": "2020-07-17"}, {"cases": 597, "tests": 143120, "date": "2020-07-16"}, {"cases": 506, "tests": 130153, "date": "2020-07-15"}, {"cases": 372, "tests": 113811, "date": "2020-07-14"}, {"cases": 497, "tests": 75439, "date": "2020-07-13"}, {"cases": 615, "tests": null, "date": "2020-07-12"}, {"cases": 806, "tests": null, "date": "2020-07-11"}, {"cases": 480, "tests": null, "date": "2020-07-10"}, {"cases": 617, "tests": null, "date": "2020-07-09"}, {"cases": 606, "tests": null, "date": "2020-07-08"}, {"cases": 572, "tests": null, "date": "2020-07-07"}, {"cases": 331, "tests": null, "date": "2020-07-06"}, {"cases": 492, "tests": null, "date": "2020-07-05"}, {"cases": 579, "tests": null, "date": "2020-07-04"}, {"cases": 502, "tests": null, "date": "2020-07-03"}, {"cases": 523, "tests": null, "date": "2020-07-02"}, {"cases": 177, "tests": null, "date": "2020-07-01"}, {"cases": 196, "tests": null, "date": "2020-06-30"}, {"cases": 99, "tests": null, "date": "2020-06-29"}, {"cases": 142, "tests": null, "date": "2020-06-28"}, {"cases": 192, "tests": null, "date": "2020-06-27"}, {"cases": 175, "tests": null, "date": "2020-06-26"}, {"cases": 261, "tests": null, "date": "2020-06-25"}, {"cases": 107, "tests": null, "date": "2020-06-24"}, {"cases": 210, "tests": null, "date": "2020-06-23"}, {"cases": 178, "tests": null, "date": "2020-06-22"}, {"cases": 215, "tests": null, "date": "2020-06-21"}, {"cases": 324, "tests": null, "date": "2020-06-20"}, {"cases": 323, "tests": null, "date": "2020-06-19"}, {"cases": 281, "tests": null, "date": "2020-06-18"}, {"cases": 252, "tests": null, "date": "2020-06-17"}, {"cases": 252, "tests": null, "date": "2020-06-16"}, {"cases": 219, "tests": null, "date": "2020-06-15"}, {"cases": 292, "tests": null, "date": "2020-06-14"}, {"cases": 372, "tests": null, "date": "2020-06-13"}, {"cases": 392, "tests": null, "date": "2020-06-12"}, {"cases": 304, "tests": null, "date": "2020-06-11"}, {"cases": 63, "tests": null, "date": "2020-06-10"}, {"cases": 651, "tests": null, "date": "2020-06-09"}, {"cases": 92, "tests": null, "date": "2020-06-08"}, {"cases": 228, "tests": null, "date": "2020-06-07"}, {"cases": 422, "tests": null, "date": "2020-06-06"}, {"cases": 451, "tests": null, "date": "2020-06-05"}, {"cases": 431, "tests": null, "date": "2020-06-04"}, {"cases": 462, "tests": null, "date": "2020-06-03"}, {"cases": 444, "tests": null, "date": "2020-06-02"}, {"cases": 294, "tests": null, "date": "2020-06-01"}, {"cases": 320, "tests": null, "date": "2020-05-31"}, {"cases": 715, "tests": null, "date": "2020-05-30"}, {"cases": 560, "tests": null, "date": "2020-05-29"}, {"cases": 519, "tests": null, "date": "2020-05-28"}, {"cases": 609, "tests": null, "date": "2020-05-27"}, {"cases": 492, "tests": null, "date": "2020-05-26"}, {"cases": 494, "tests": null, "date": "2020-05-25"}, {"cases": 584, "tests": null, "date": "2020-05-24"}, {"cases": 979, "tests": null, "date": "2020-05-23"}, {"cases": 1083, "tests": null, "date": "2020-05-22"}, {"cases": 854, "tests": null, "date": "2020-05-21"}, {"cases": 824, "tests": null, "date": "2020-05-20"}, {"cases": 857, "tests": null, "date": "2020-05-19"}, {"cases": 816, "tests": null, "date": "2020-05-18"}, {"cases": 788, "tests": null, "date": "2020-05-17"}, {"cases": 1136, "tests": null, "date": "2020-05-16"}, {"cases": 1112, "tests": null, "date": "2020-05-15"}, {"cases": 1189, "tests": null, "date": "2020-05-14"}, {"cases": 1146, "tests": null, "date": "2020-05-13"}, {"cases": 1067, "tests": null, "date": "2020-05-12"}, {"cases": 891, "tests": null, "date": "2020-05-11"}, {"cases": 1007, "tests": null, "date": "2020-05-10"}, {"cases": 1349, "tests": null, "date": "2020-05-09"}, {"cases": 1694, "tests": null, "date": "2020-05-08"}, {"cases": 2133, "tests": null, "date": "2020-05-07"}, {"cases": 1611, "tests": null, "date": "2020-05-06"}, {"cases": 1842, "tests": null, "date": "2020-05-05"}, {"cases": 1485, "tests": null, "date": "2020-05-04"}, {"cases": 2019, "tests": null, "date": "2020-05-03"}, {"cases": 2228, "tests": null, "date": "2020-05-02"}, {"cases": 2501, "tests": null, "date": "2020-05-01"}, {"cases": 2484, "tests": null, "date": "2020-04-30"}, {"cases": 1403, "tests": null, "date": "2020-04-29"}, {"cases": 1989, "tests": null, "date": "2020-04-28"}, {"cases": 2264, "tests": null, "date": "2020-04-27"}, {"cases": 2152, "tests": null, "date": "2020-04-26"}, {"cases": 2826, "tests": null, "date": "2020-04-25"}, {"cases": 3004, "tests": null, "date": "2020-04-24"}, {"cases": 3084, "tests": null, "date": "2020-04-23"}, {"cases": 3020, "tests": null, "date": "2020-04-22"}, {"cases": 3087, "tests": null, "date": "2020-04-21"}, {"cases": 2401, "tests": null, "date": "2020-04-20"}, {"cases": 3607, "tests": null, "date": "2020-04-19"}, {"cases": 3548, "tests": null, "date": "2020-04-18"}, {"cases": 3985, "tests": null, "date": "2020-04-17"}, {"cases": 3118, "tests": null, "date": "2020-04-16"}, {"cases": 3188, "tests": null, "date": "2020-04-15"}, {"cases": 3854, "tests": null, "date": "2020-04-14"}, {"cases": 2999, "tests": null, "date": "2020-04-13"}, {"cases": 3672, "tests": null, "date": "2020-04-12"}, {"cases": 3841, "tests": null, "date": "2020-04-11"}, {"cases": 4263, "tests": null, "date": "2020-04-10"}, {"cases": 3798, "tests": null, "date": "2020-04-09"}, {"cases": 4788, "tests": null, "date": "2020-04-08"}, {"cases": 2978, "tests": null, "date": "2020-04-07"}, {"cases": 3176, "tests": null, "date": "2020-04-06"}, {"cases": 5107, "tests": null, "date": "2020-04-05"}, {"cases": 2910, "tests": null, "date": "2020-04-04"}, {"cases": 3576, "tests": null, "date": "2020-04-03"}, {"cases": 3583, "tests": null, "date": "2020-04-02"}, {"cases": 3630, "tests": null, "date": "2020-04-01"}, {"cases": 2414, "tests": null, "date": "2020-03-31"}, {"cases": 2107, "tests": null, "date": "2020-03-30"}, {"cases": 2060, "tests": null, "date": "2020-03-29"}, {"cases": 2139, "tests": null, "date": "2020-03-28"}, {"cases": 2506, "tests": null, "date": "2020-03-27"}, {"cases": 1809, "tests": null, "date": "2020-03-26"}, {"cases": 1130, "tests": null, "date": "2020-03-25"}, {"cases": 1258, "tests": null, "date": "2020-03-24"}, {"cases": 793, "tests": null, "date": "2020-03-23"}, {"cases": 535, "tests": null, "date": "2020-03-22"}, {"cases": 873, "tests": null, "date": "2020-03-21"}, {"cases": 628, "tests": null, "date": "2020-03-20"}, {"cases": 574, "tests": null, "date": "2020-03-19"}, {"cases": 625, "tests": null, "date": "2020-03-18"}, {"cases": 361, "tests": null, "date": "2020-03-17"}, {"cases": 97, "tests": null, "date": "2020-03-16"}, {"cases": 253, "tests": null, "date": "2020-03-15"}, {"cases": 201, "tests": null, "date": "2020-03-14"}, {"cases": 159, "tests": null, "date": "2020-03-13"}, {"cases": 99, "tests": null, "date": "2020-03-12"}, {"cases": 63, "tests": null, "date": "2020-03-11"}, {"cases": 46, "tests": null, "date": "2020-03-10"}, {"cases": 40, "tests": null, "date": "2020-03-09"}, {"cases": 58, "tests": null, "date": "2020-03-08"}, {"cases": 39, "tests": null, "date": "2020-03-07"}, {"cases": 39, "tests": null, "date": "2020-03-06"}, {"cases": 25, "tests": null, "date": "2020-03-05"}, {"cases": 32, "tests": null, "date": "2020-03-04"}, {"cases": 11, "tests": null, "date": "2020-03-03"}, {"cases": 4, "tests": null, "date": "2020-03-02"}, {"cases": 12, "tests": null, "date": "2020-03-01"}, {"cases": 3, "tests": null, "date": "2020-02-29"}, {"cases": 5, "tests": null, "date": "2020-02-28"}, {"cases": 0, "tests": null, "date": "2020-02-27"}, {"cases": 0, "tests": null, "date": "2020-02-26"}, {"cases": 0, "tests": null, "date": "2020-02-25"}, {"cases": 4, "tests": null, "date": "2020-02-24"}, {"cases": 0, "tests": null, "date": "2020-02-23"}, {"cases": 0, "tests": null, "date": "2020-02-22"}, {"cases": 0, "tests": null, "date": "2020-02-21"}, {"cases": 0, "tests": null, "date": "2020-02-20"}, {"cases": 0, "tests": null, "date": "2020-02-19"}, {"cases": 0, "tests": null, "date": "2020-02-18"}, {"cases": 0, "tests": null, "date": "2020-02-17"}, {"cases": 0, "tests": null, "date": "2020-02-16"}, {"cases": 0, "tests": null, "date": "2020-02-15"}, {"cases": 0, "tests": null, "date": "2020-02-14"}, {"cases": 1, "tests": null, "date": "2020-02-13"}, {"cases": 0, "tests": null, "date": "2020-02-12"}, {"cases": 0, "tests": null, "date": "2020-02-11"}, {"cases": 4, "tests": null, "date": "2020-02-10"}, {"cases": 1, "tests": null, "date": "2020-02-09"}, {"cases": 0, "tests": null, "date": "2020-02-08"}, {"cases": 0, "tests": null, "date": "2020-02-07"}, {"cases": 1, "tests": null, "date": "2020-02-06"}, {"cases": 0, "tests": null, "date": "2020-02-05"}, {"cases": 0, "tests": null, "date": "2020-02-04"}, {"cases": 0, "tests": null, "date": "2020-02-03"}, {"cases": 0, "tests": null, "date": "2020-02-02"}, {"cases": 0, "tests": null, "date": "2020-02-01"}, {"cases": 2, "tests": null, "date": "2020-01-31"}], "lastUpdate": "2023-11-30T18:00:03.000000Z", "length": 1400, "totalPages": 1}